DecisionRule,TP,FP,FN,TN,Precision,Recall,F1,F2,FAR100,FARswitch100,AUROC,AUPRC,EventRecall,MeanDelay
score_only,36,33,0,82,0.5217391304272212,0.9999999999722223,0.6857142852506123,0.8450704222416189,28.695652173913043,33.68421052631579,1.0,1.0,1.0,0.0
context_aware_cyber_z3_phys_z10,36,2,0,113,0.9473684210277009,0.9999999999722223,0.9729729724470416,0.9890109887773216,1.7391304347826086,2.1052631578947367,1.0,1.0,1.0,0.0
context_aware_cyber_z4_phys_z10,36,1,0,114,0.9729729729466765,0.9999999999722223,0.9863013693360857,0.9944751378907849,0.8695652173913043,1.0526315789473684,1.0,1.0,1.0,0.0
context_aware_cyber_z5_phys_z10,36,0,0,115,0.9999999999722223,0.9999999999722223,0.9999999994722224,0.9999999997722224,0.0,0.0,1.0,1.0,1.0,0.0
context_aware_cyber_z6_phys_z10,36,0,0,115,0.9999999999722223,0.9999999999722223,0.9999999994722224,0.9999999997722224,0.0,0.0,1.0,1.0,1.0,0.0
context_aware_z6_phys_z10_persist2,34,0,2,115,0.9999999999705883,0.94444444441821,0.9714285709012246,0.9550561795552961,0.0,0.0,1.0,1.0,1.0,1.0
