ThresholdMethod,TP,FP,FN,TN,Precision,Recall,F1,F2,FAR100,FARswitch100,AUROC,AUPRC,EventRecall,MeanDelay
mad,36,0,0,115,0.9999999999722223,0.9999999999722223,0.9999999994722224,0.9999999997722224,0.0,0.0,1.0,1.0,1.0,0.0
quantile,36,0,0,115,0.9999999999722223,0.9999999999722223,0.9999999994722224,0.9999999997722224,0.0,0.0,1.0,1.0,1.0,0.0
ewma_sigma,5,0,31,115,0.9999999998,0.13888888888503087,0.24390243879833431,0.16778523485315977,0.0,0.0,1.0,1.0,0.5,0.0
frozen_ewma_sigma,36,0,0,115,0.9999999999722223,0.9999999999722223,0.9999999994722224,0.9999999997722224,0.0,0.0,1.0,1.0,1.0,0.0
