TrainCase,TestCase,Seed,Protocol,Epochs,SourceNodes,SourceEdges,TargetNodes,TargetEdges,TP,FP,FN,TN,Precision,Recall,F1,F2,FAR100,FARswitch100,AUROC,AUPRC,EventRecall,MeanDelay,Top3LocalizationHitRate
case39,case14,7,source_to_target_calibrated,4,39,92,14,40,36,0,0,115,0.9999999999722223,0.9999999999722223,0.9999999994722224,0.9999999997722224,0.0,0.0,1.0,1.0,1.0,0.0,1.0
case39,case30,7,source_to_target_calibrated,4,39,92,30,82,36,0,0,115,0.9999999999722223,0.9999999999722223,0.9999999994722224,0.9999999997722224,0.0,0.0,1.0,1.0,1.0,0.0,1.0
case39,case57,7,source_to_target_calibrated,4,39,92,57,160,36,0,0,115,0.9999999999722223,0.9999999999722223,0.9999999994722224,0.9999999997722224,0.0,0.0,1.0,1.0,1.0,0.0,1.0
case39,case118,7,source_to_target_calibrated,4,39,92,118,372,36,0,0,115,0.9999999999722223,0.9999999999722223,0.9999999994722224,0.9999999997722224,0.0,0.0,1.0,1.0,1.0,0.0,1.0
