TrainCase,TestCase,Seed,Protocol,Epochs,Nodes,Edges,TP,FP,FN,TN,Precision,Recall,F1,F2,FAR100,FARswitch100,AUROC,AUPRC,EventRecall,MeanDelay,Top3LocalizationHitRate
case14,case14,7,within_case,4,14,40,36,0,0,115,0.9999999999722223,0.9999999999722223,0.9999999994722224,0.9999999997722224,0.0,0.0,1.0,1.0,1.0,0.0,1.0
case30,case30,7,within_case,4,30,82,36,0,0,115,0.9999999999722223,0.9999999999722223,0.9999999994722224,0.9999999997722224,0.0,0.0,1.0,1.0,1.0,0.0,1.0
case39,case39,7,within_case,4,39,92,36,0,0,115,0.9999999999722223,0.9999999999722223,0.9999999994722224,0.9999999997722224,0.0,0.0,1.0,1.0,1.0,0.0,1.0
case57,case57,7,within_case,4,57,160,36,0,0,115,0.9999999999722223,0.9999999999722223,0.9999999994722224,0.9999999997722224,0.0,0.0,1.0,1.0,1.0,0.0,1.0
case118,case118,7,within_case,4,118,372,36,0,0,115,0.9999999999722223,0.9999999999722223,0.9999999994722224,0.9999999997722224,0.0,0.0,1.0,1.0,1.0,0.0,1.0
