TopK,LocalizationHitRate,MeanOverlapWithAffectedNodes
1,1.0,0.16666666666666669
3,1.0,0.5
5,1.0,0.8333333333333333
6,1.0,1.0
