attack_type,cyber,event,physical
fdi_cyber_physical,1.0,0.0,0.0
none,0.3391304347826087,0.23478260869565218,0.4260869565217391
timing_cyber_subtle,1.0,0.0,0.0
